{"lanes": [[-2.0, -2.0, -2.0, -2.0, -2.0, -2.0, -2.0, -2.0, -2.0, -2.0, -2.0, 637.57311689766, 628.0, 618.0127011619959, 607.9964684864976, 598.000542013638, 588.0, 577.9988714548467, 568.0077768844694, 557.9719652283932, 548.0, 538.8668655289398, 532.3730671576919, 522.0466326297154, 512.0, 506.3904855927237, 495.8916009465591, 486.01601085767965, 476.0, 465.9840653391537, 456.1078475335046, 445.61150641020413, 440.0, 429.89620886004667, 420.02678479610887, 410.0033481545452, 400.0, 389.78571998705945, 381.9999600837051, 374.2144296990466, 364.0, 353.99252050892846, 344.0021146014278, 333.9995497357172, 324.0, 314.00443154873227, 303.9690684825567, 294.1115616416802, 284.0, 278.17403820889876, 269.89230402753844, 262.22982168783216, 252.0, 241.99190520854498, 232.00281557963655, 221.99753636781804], [-2.0, -2.0, -2.0, -2.0, -2.0, -2.0, -2.0, -2.0, -2.0, -2.0, 684.4778820357574, 698.2693532187124, 708.0, 718.6411695321926, 734.384048529121, 746.2311484836036, 756.0, 771.2921695453083, 783.970982880658, 796.8166446522242, 812.0, 826.1405796644959, 837.6243458745112, 852.9556233060872, 868.0, 878.5531533596799, 894.5026039732694, 905.87458174056, 920.0, 934.1263879272935, 945.4903774784573, 961.4721965284917, 972.0, 986.2544872797658, 997.4641016236793, 1013.4426316314369, 1024.0, 1039.3123215223172, 1052.0000469777196, 1064.6875023112352, 1080.0, 1090.5622305625163, 1106.5018865075083, 1117.868195034328, 1132.0, 1146.3202512158655, 1155.6341215863313, 1168.7392928353925, 1184.0, 1194.5758891509552, 1210.3940849886774, 1222.2587921415047, 1232.0, 1246.3610034927187, 1256.0483466112282, 1263.7701967151754], [-2.0, -2.0, -2.0, -2.0, -2.0, -2.0, -2.0, -2.0, -2.0, -2.0, 732.7699000555988, 754.451337451351, 784.0, 814.0290637162234, 843.7052914933859, 876.7635931835795, 912.0, 941.4838321140878, 976.0990587330228, 1010.1446976370764, 1044.0, 1078.1764856842913, 1109.0761857980308, 1148.6628175730923, 1180.0, 1220.1780324591405, 1247.2424234924729, 1262.1003794440865, -2.0, -2.0, -2.0, -2.0, -2.0, -2.0, -2.0, -2.0, -2.0, -2.0, -2.0, -2.0, -2.0, -2.0, -2.0, -2.0, -2.0, -2.0, -2.0, -2.0, -2.0, -2.0, -2.0, -2.0, -2.0, -2.0, -2.0, -2.0]], "h_samples": [160, 170, 180, 190, 200, 210, 220, 230, 240, 250, 260, 270, 280, 290, 300, 310, 320, 330, 340, 350, 360, 370, 380, 390, 400, 410, 420, 430, 440, 450, 460, 470, 480, 490, 500, 510, 520, 530, 540, 550, 560, 570, 580, 590, 600, 610, 620, 630, 640, 650, 660, 670, 680, 690, 700, 710], "raw_file": "clips/0530/1492626760788443246_0/20.jpg", "run_time": 98.68599999999999}
{"lanes": [[-2.0, -2.0, -2.0, -2.0, -2.0, -2.0, -2.0, -2.0, -2.0, -2.0, 445.686692234276, 464.39914429500845, 476.0, 473.70889262478846, 458.4360881557653, 437.28077679109197, 412.0, 382.1109798266919, 350.0854829917037, 317.5684589544191, 288.0, 249.37921285024294, 218.67422585074246, 182.40494020947278, 152.0, 113.33891659742683, 82.77500107074587, 46.06732938727618, 24.0, -2.0, -2.0, -2.0, -2.0, -2.0, -2.0, -2.0, -2.0, -2.0, -2.0, -2.0, -2.0, -2.0, -2.0, -2.0, -2.0, -2.0, -2.0, -2.0, -2.0, -2.0, -2.0, -2.0, -2.0, -2.0, -2.0, -2.0], [-2.0, -2.0, -2.0, -2.0, -2.0, -2.0, -2.0, -2.0, -2.0, -2.0, -2.0, 537.0670556377877, 552.0, 566.307177004796, 575.3988498388701, 569.6971360994411, 568.0, 557.7764026852661, 548.0545837194393, 538.0189083668365, 528.0, 517.1397788625263, 503.5825372870776, 494.1132063109325, 484.0, 472.2737008457006, 455.18842043633975, 446.14472251802545, 436.0, 425.0758088502277, 412.0010668029708, 398.9201906386318, 388.0, 377.96569158945175, 368.03921421280535, 357.8872551125283, 348.0, 333.8259803867216, 322.1078431259578, 309.7696078909365, 300.0, 290.024508424108, 279.88236259372025, 270.41663184944093, 256.0, 245.24242055911404, 231.56163902054848, 222.08893311382914, 212.0, 201.15050677732793, 187.49098652917195, 178.44579373827733, 164.0, 154.1031726554665, 143.96411385896818, 134.03140037340285], [-2.0, -2.0, -2.0, -2.0, -2.0, -2.0, -2.0, -2.0, -2.0, -2.0, -2.0, -2.0, 648.0, 673.9080732697906, 701.1607347891094, 716.6766712710493, 736.0, 750.8566239426102, 766.2887474739272, 778.373073030163, 788.0, 806.7711922804078, 815.786094087655, 826.030954890886, 836.0, 845.9876650421251, 856.0791330638829, 865.7155859683141, 880.0, 894.2843172209892, 903.9215676611597, 914.0098040496622, 924.0, 934.0416669617096, 943.7058802565316, 956.748782076297, 972.0, 981.9238025013601, 992.02112660995, 1001.9969727113274, 1012.0, 1022.0003220535244, 1031.9984541396939, 1042.0054749226233, 1052.0, 1061.8430307469926, 1073.5980762516579, 1089.3516833092906, 1100.0, 1110.0204171239684, 1119.9943396599933, 1130.000809151056, 1140.0, 1149.9999715000392, 1160.0000099130298, 1169.999991326099], [-2.0, -2.0, -2.0, -2.0, -2.0, -2.0, -2.0, -2.0, -2.0, -2.0, -2.0, 685.3112232903012, 736.0, 773.8495010711696, 829.3162478437531, 872.1520695147565, 912.0, 947.201678538141, 979.4804329162275, 1016.4341980260061, 1048.0, 1086.8227373147874, 1115.850320807553, 1145.7385596568888, 1180.0, 1214.5740055557299, 1240.8873024153982, 1257.0361103865264, -2.0, -2.0, -2.0, -2.0, -2.0, -2.0, -2.0, -2.0, -2.0, -2.0, -2.0, -2.0, -2.0, -2.0, -2.0, -2.0, -2.0, -2.0, -2.0, -2.0, -2.0, -2.0, -2.0, -2.0, -2.0, -2.0, -2.0, -2.0]], "h_samples": [160, 170, 180, 190, 200, 210, 220, 230, 240, 250, 260, 270, 280, 290, 300, 310, 320, 330, 340, 350, 360, 370, 380, 390, 400, 410, 420, 430, 440, 450, 460, 470, 480, 490, 500, 510, 520, 530, 540, 550, 560, 570, 580, 590, 600, 610, 620, 630, 640, 650, 660, 670, 680, 690, 700, 710], "raw_file": "clips/0530/1492627171538356342_0/20.jpg", "run_time": 88.274}
